DNS/DNSSEC/DNSSECValidator.cs	77	greater-to-ge	BUILD-FAILED	not a viable mutant
DNS/DNSSEC/DNSSECValidator.cs	141	greater-to-ge	BUILD-FAILED	not a viable mutant
DNS/DNSSEC/DNSSECValidator.cs	149	greater-to-ge	BUILD-FAILED	not a viable mutant
DNS/DNSSEC/DNSSECValidator.cs	184	greater-to-ge	BUILD-FAILED	not a viable mutant
DNS/DNSSEC/DNSSECValidator.cs	195	false-to-true	SURVIVED	0 of 260 failed
DNS/DNSSEC/DNSSECValidator.cs	198	false-to-true	KILLED	1 of 260 failed
DNS/DNSSEC/DNSSECValidator.cs	201	false-to-true	KILLED	1 of 260 failed
DNS/DNSSEC/DNSSECValidator.cs	208	equality-to-inequality	KILLED	6 of 260 failed
DNS/DNSSEC/DNSSECValidator.cs	209	inequality-to-equality	KILLED	5 of 260 failed
DNS/DNSSEC/DNSSECValidator.cs	212	logical-and-to-or	KILLED	3 of 260 failed
DNS/DNSSEC/DNSSECValidator.cs	233	logical-and-to-or	SURVIVED	0 of 260 failed
DNS/DNSSEC/DNSSECValidator.cs	233	logical-or-to-and	KILLED	2 of 260 failed
DNS/DNSSEC/DNSSECValidator.cs	233	equality-to-inequality	KILLED	2 of 260 failed
DNS/DNSSEC/DNSSECValidator.cs	233	equality-to-inequality	SURVIVED	0 of 260 failed
DNS/DNSSEC/DNSSECValidator.cs	234	equality-to-inequality	KILLED	2 of 260 failed
DNS/DNSSEC/DNSSECValidator.cs	237	greater-to-ge	SURVIVED	0 of 260 failed
DNS/DNSSEC/DNSSECValidator.cs	238	true-to-false	SURVIVED	0 of 260 failed
DNS/DNSSEC/DNSSECValidator.cs	259	logical-and-to-or	SURVIVED	0 of 260 failed
DNS/DNSSEC/DNSSECValidator.cs	259	equality-to-inequality	SURVIVED	0 of 260 failed
DNS/DNSSEC/DNSSECValidator.cs	260	equality-to-inequality	SURVIVED	0 of 260 failed
DNS/DNSSEC/DNSSECValidator.cs	263	logical-and-to-or	KILLED	1 of 260 failed
DNS/DNSSEC/DNSSECValidator.cs	293	ge-to-greater	SURVIVED	0 of 260 failed
DNS/DNSSEC/DNSSECValidator.cs	297	true-to-false	SURVIVED	0 of 260 failed
DNS/DNSSEC/DNSSECValidator.cs	326	false-to-true	SURVIVED	0 of 260 failed
DNS/DNSSEC/DNSSECValidator.cs	334	greater-to-ge	BUILD-FAILED	not a viable mutant
DNS/DNSSEC/DNSSECValidator.cs	340	greater-to-ge	BUILD-FAILED	not a viable mutant
DNS/DNSSEC/DNSSECValidator.cs	357	logical-and-to-or	SURVIVED	0 of 260 failed
DNS/DNSSEC/DNSSECValidator.cs	357	equality-to-inequality	SURVIVED	0 of 260 failed
DNS/DNSSEC/DNSSECValidator.cs	357	equality-to-inequality	SURVIVED	0 of 260 failed
DNS/DNSSEC/DNSSECValidator.cs	357	greater-to-ge	SURVIVED	0 of 260 failed
DNS/DNSSEC/DNSSECValidator.cs	375	greater-to-ge	BUILD-FAILED	not a viable mutant
DNS/DNSSEC/DNSSECValidator.cs	378	false-to-true	SURVIVED	0 of 260 failed
DNS/DNSSEC/DNSSECValidator.cs	388	greater-to-ge	BUILD-FAILED	not a viable mutant
DNS/DNSSEC/DNSSECValidator.cs	399	equality-to-inequality	KILLED	10 of 260 failed
DNS/DNSSEC/DNSSECValidator.cs	407	logical-and-to-or	SURVIVED	0 of 260 failed
DNS/DNSSEC/DNSSECValidator.cs	414	false-to-true	SURVIVED	0 of 260 failed
DNS/DNSSEC/DNSSECValidator.cs	422	logical-and-to-or	KILLED	1 of 260 failed
DNS/DNSSEC/DNSSECValidator.cs	433	inequality-to-equality	KILLED	8 of 260 failed
DNS/DNSSEC/DNSSECValidator.cs	442	logical-and-to-or	SURVIVED	0 of 260 failed
DNS/DNSSEC/DNSSECValidator.cs	442	equality-to-inequality	KILLED	8 of 260 failed
DNS/DNSSEC/DNSSECValidator.cs	447	equality-to-inequality	KILLED	8 of 260 failed
DNS/DNSSEC/DNSSECValidator.cs	452	logical-or-to-and	SURVIVED	0 of 260 failed
DNS/DNSSEC/DNSSECValidator.cs	452	less-to-less-or-equal	SURVIVED	0 of 260 failed
DNS/DNSSEC/DNSSECValidator.cs	452	greater-to-ge	SURVIVED	0 of 260 failed
DNS/DNSSEC/DNSSECValidator.cs	460	false-to-true	SURVIVED	0 of 260 failed
DNS/DNSSEC/DNSSECValidator.cs	469	logical-and-to-or	SURVIVED	0 of 260 failed
DNS/DNSSEC/DNSSECValidator.cs	469	equality-to-inequality	KILLED	2 of 260 failed
DNS/DNSSEC/DNSSECValidator.cs	470	equality-to-inequality	KILLED	2 of 260 failed
DNS/DNSSEC/DNSSECValidator.cs	478	inequality-to-equality	KILLED	3 of 260 failed
DNS/DNSSEC/DNSSECValidator.cs	487	false-to-true	SURVIVED	0 of 260 failed
DNS/DNSSEC/DNSSECValidator.cs	489	inequality-to-equality	KILLED	2 of 260 failed
DNS/DNSSEC/DNSSECValidator.cs	523	logical-or-to-and	SURVIVED	0 of 260 failed
DNS/DNSSEC/DNSSECValidator.cs	523	equality-to-inequality	SURVIVED	0 of 260 failed
DNS/DNSSEC/DNSSECValidator.cs	524	logical-or-to-and	KILLED	1 of 260 failed
DNS/DNSSEC/DNSSECValidator.cs	548	greater-to-ge	BUILD-FAILED	not a viable mutant
DNS/DNSSEC/DNSSECValidator.cs	560	equality-to-inequality	KILLED	1 of 260 failed
DNS/DNSSEC/DNSSECValidator.cs	567	logical-and-to-or	KILLED	1 of 260 failed
DNS/DNSSEC/DNSSECValidator.cs	567	equality-to-inequality	KILLED	1 of 260 failed
DNS/DNSSEC/DNSSECValidator.cs	573	equality-to-inequality	KILLED	1 of 260 failed
DNS/DNSSEC/DNSSECValidator.cs	577	logical-or-to-and	SURVIVED	0 of 260 failed
DNS/DNSSEC/DNSSECValidator.cs	577	less-to-less-or-equal	SURVIVED	0 of 260 failed
DNS/DNSSEC/DNSSECValidator.cs	577	greater-to-ge	SURVIVED	0 of 260 failed
DNS/DNSSEC/DNSSECValidator.cs	584	false-to-true	SURVIVED	0 of 260 failed
DNS/DNSSEC/DNSSECValidator.cs	590	logical-and-to-or	SURVIVED	0 of 260 failed
DNS/DNSSEC/DNSSECValidator.cs	590	equality-to-inequality	KILLED	1 of 260 failed
DNS/DNSSEC/DNSSECValidator.cs	591	equality-to-inequality	KILLED	1 of 260 failed
DNS/DNSSEC/DNSSECValidator.cs	597	inequality-to-equality	SURVIVED	0 of 260 failed
DNS/DNSSEC/DNSSECValidator.cs	605	false-to-true	SURVIVED	0 of 260 failed
DNS/DNSSEC/DNSSECValidator.cs	607	inequality-to-equality	SURVIVED	0 of 260 failed
DNS/DNSSEC/DNSSECValidator.cs	642	greater-to-ge	BUILD-FAILED	not a viable mutant
DNS/DNSSEC/DNSSECValidator.cs	702	logical-and-to-or	KILLED	3 of 260 failed
DNS/DNSSEC/DNSSECValidator.cs	740	greater-to-ge	BUILD-FAILED	not a viable mutant
DNS/DNSSEC/DNSSECValidator.cs	777	false-to-true	KILLED	1 of 260 failed
DNS/DNSSEC/DNSSECValidator.cs	830	less-to-less-or-equal	KILLED	92 of 260 failed
DNS/DNSSEC/DNSSECValidator.cs	832	equality-to-inequality	KILLED	46 of 260 failed
DNS/DNSSEC/DNSSECValidator.cs	852	greater-to-ge	BUILD-FAILED	not a viable mutant
DNS/DNSSEC/DNSSECValidator.cs	853	greater-to-ge	BUILD-FAILED	not a viable mutant
DNS/DNSSEC/DNSSECValidator.cs	863	less-to-less-or-equal	SURVIVED	0 of 260 failed
DNS/DNSSEC/DNSSECValidator.cs	871	logical-and-to-or	SURVIVED	0 of 260 failed
DNS/DNSSEC/DNSSECValidator.cs	871	equality-to-inequality	SURVIVED	0 of 260 failed
DNS/DNSSEC/DNSSECValidator.cs	872	equality-to-inequality	SURVIVED	0 of 260 failed
DNS/DNSSEC/DNSSECValidator.cs	884	logical-and-to-or	KILLED	2 of 260 failed
DNS/DNSSEC/DNSSECValidator.cs	884	equality-to-inequality	KILLED	2 of 260 failed
DNS/DNSSEC/DNSSECValidator.cs	885	equality-to-inequality	KILLED	2 of 260 failed
DNS/DNSSEC/DNSSECValidator.cs	896	logical-and-to-or	SURVIVED	0 of 260 failed
DNS/DNSSEC/DNSSECValidator.cs	896	equality-to-inequality	KILLED	2 of 260 failed
DNS/DNSSEC/DNSSECValidator.cs	897	equality-to-inequality	KILLED	2 of 260 failed
DNS/DNSSEC/DNSSECValidator.cs	914	false-to-true	SURVIVED	0 of 260 failed
DNS/DNSSEC/DNSSECValidator.cs	921	equality-to-inequality	KILLED	1 of 260 failed
DNS/DNSSEC/DNSSECValidator.cs	948	false-to-true	SURVIVED	0 of 260 failed
DNS/DNSSEC/DNSSECValidator.cs	955	equality-to-inequality	KILLED	1 of 260 failed
DNS/DNSSEC/DNSSECValidator.cs	960	equality-to-inequality	SURVIVED	0 of 260 failed
DNS/DNSSEC/DNSSECValidator.cs	963	equality-to-inequality	SURVIVED	0 of 260 failed
DNS/DNSSEC/DNSSECValidator.cs	971	logical-and-to-or	SURVIVED	0 of 260 failed
DNS/DNSSEC/DNSSECValidator.cs	971	equality-to-inequality	SURVIVED	0 of 260 failed
DNS/DNSSEC/DNSSECValidator.cs	972	equality-to-inequality	SURVIVED	0 of 260 failed
DNS/DNSSEC/DNSSECValidator.cs	1042	false-to-true	SURVIVED	0 of 260 failed
DNS/DNSSEC/DNSSECValidator.cs	1078	equality-to-inequality	KILLED	20 of 260 failed
DNS/DNSSEC/DNSSECValidator.cs	1107	false-to-true	KILLED	4 of 260 failed
DNS/DNSSEC/DNSSECValidator.cs	1159	false-to-true	KILLED	2 of 260 failed
DNS/DNSSEC/DNSSECValidator.cs	1182	false-to-true	KILLED	2 of 260 failed
DNS/DNSSEC/DNSSECValidator.cs	1190	false-to-true	KILLED	1 of 260 failed
DNS/DNSSEC/DNSSECValidator.cs	1213	false-to-true	KILLED	2 of 260 failed
DNS/DNSSEC/DNSSECValidator.cs	1221	false-to-true	KILLED	1 of 260 failed
DNS/DNSSEC/DNSSECValidator.cs	1254	logical-or-to-and	SURVIVED	0 of 117 failed (total moved from 260)
DNS/DNSSEC/DNSSECValidator.cs	1254	equality-to-inequality	KILLED	1 of 260 failed
DNS/DNSSEC/DNSSECValidator.cs	1259	less-to-less-or-equal	SURVIVED	0 of 260 failed
DNS/DNSSEC/DenialOfExistence.cs	85	greater-to-ge	BUILD-FAILED	not a viable mutant
DNS/DNSSEC/DenialOfExistence.cs	94	greater-to-ge	KILLED	5 of 260 failed
DNS/DNSSEC/DenialOfExistence.cs	97	greater-to-ge	SURVIVED	0 of 260 failed
DNS/DNSSEC/DenialOfExistence.cs	118	logical-and-to-or	SURVIVED	0 of 260 failed
DNS/DNSSEC/DenialOfExistence.cs	118	equality-to-inequality	KILLED	2 of 260 failed
DNS/DNSSEC/DenialOfExistence.cs	119	logical-and-to-or	SURVIVED	0 of 260 failed
DNS/DNSSEC/DenialOfExistence.cs	119	equality-to-inequality	KILLED	2 of 260 failed
DNS/DNSSEC/DenialOfExistence.cs	132	logical-or-to-and	BUILD-FAILED	not a viable mutant
DNS/DNSSEC/DenialOfExistence.cs	142	le-to-less	KILLED	1 of 260 failed
DNS/DNSSEC/DenialOfExistence.cs	158	inequality-to-equality	KILLED	1 of 260 failed
DNS/DNSSEC/DenialOfExistence.cs	196	equality-to-inequality	KILLED	2 of 260 failed
DNS/DNSSEC/DenialOfExistence.cs	197	logical-or-to-and	KILLED	1 of 260 failed
DNS/DNSSEC/DenialOfExistence.cs	212	le-to-less	SURVIVED	0 of 260 failed
DNS/DNSSEC/DenialOfExistence.cs	217	logical-or-to-and	KILLED	2 of 260 failed
DNS/DNSSEC/DenialOfExistence.cs	218	equality-to-inequality	SURVIVED	0 of 260 failed
DNS/DNSSEC/DenialOfExistence.cs	246	logical-and-to-or	BUILD-FAILED	not a viable mutant
DNS/DNSSEC/DenialOfExistence.cs	278	greater-to-ge	SURVIVED	0 of 260 failed
DNS/DNSSEC/DenialOfExistence.cs	279	less-to-less-or-equal	SURVIVED	0 of 260 failed
DNS/DNSSEC/DenialOfExistence.cs	284	ge-to-greater	SURVIVED	0 of 260 failed
DNS/DNSSEC/DenialOfExistence.cs	286	logical-or-to-and	SURVIVED	0 of 260 failed
DNS/DNSSEC/DenialOfExistence.cs	287	logical-and-to-or	SURVIVED	0 of 260 failed
DNS/DNSSEC/DenialOfExistence.cs	308	logical-or-to-and	SURVIVED	0 of 260 failed
DNS/DNSSEC/DenialOfExistence.cs	308	equality-to-inequality	KILLED	2 of 260 failed
DNS/DNSSEC/DenialOfExistence.cs	332	less-to-less-or-equal	SURVIVED	0 of 260 failed
DNS/DNSSEC/DenialOfExistence.cs	333	inequality-to-equality	KILLED	1 of 260 failed
DNS/DNSSEC/DenialOfExistence.cs	334	less-to-less-or-equal	SURVIVED	0 of 260 failed
DNS/DNSSEC/DenialOfExistence.cs	353	greater-to-ge	SURVIVED	0 of 260 failed
DNS/DNSSEC/DenialOfExistence.cs	354	less-to-less-or-equal	SURVIVED	0 of 260 failed
DNS/DNSSEC/DenialOfExistence.cs	357	ge-to-greater	SURVIVED	0 of 260 failed
DNS/DNSSEC/DenialOfExistence.cs	358	logical-or-to-and	SURVIVED	0 of 260 failed
DNS/DNSSEC/DenialOfExistence.cs	359	logical-and-to-or	SURVIVED	0 of 260 failed
DNS/DNSSEC/DenialOfExistence.cs	383	equality-to-inequality	KILLED	7 of 260 failed
DNS/DNSSEC/DenialOfExistence.cs	384	equality-to-inequality	KILLED	5 of 260 failed
DNS/DNSSEC/DenialOfExistence.cs	388	true-to-false	BUILD-FAILED	not a viable mutant
DNS/DNSSEC/DenialOfExistence.cs	394	logical-and-to-or	KILLED	3 of 260 failed
DNS/DNSSEC/DenialOfExistence.cs	394	less-to-less-or-equal	KILLED	1 of 260 failed
DNS/DNSSEC/DenialOfExistence.cs	394	less-to-less-or-equal	KILLED	4 of 260 failed
DNS/DNSSEC/DenialOfExistence.cs	395	less-to-less-or-equal	KILLED	5 of 260 failed
DNS/DNSSEC/DenialOfExistence.cs	396	less-to-less-or-equal	KILLED	5 of 260 failed
DNS/DNSSEC/DenialOfExistence.cs	400	inequality-to-equality	KILLED	5 of 260 failed
DNS/DNSSEC/DenialOfExistence.cs	401	less-to-less-or-equal	SURVIVED	0 of 117 failed (total moved from 260)
DNS/DNSSEC/DenialOfExistence.cs	420	equality-to-inequality	KILLED	2 of 260 failed
DNS/DNSSEC/DNSSECZoneSigner.cs	34	false-to-true	PARSE-ERROR	no summary line
DNS/DNSSEC/DNSSECZoneSigner.cs	75	greater-to-ge	BUILD-FAILED	not a viable mutant
DNS/DNSSEC/DNSSECZoneSigner.cs	83	equality-to-inequality	KILLED	15 of 260 failed
DNS/DNSSEC/DNSSECZoneSigner.cs	89	inequality-to-equality	KILLED	15 of 260 failed
DNS/DNSSEC/DNSSECZoneSigner.cs	151	greater-to-ge	BUILD-FAILED	not a viable mutant
DNS/DNSSEC/DNSSECZoneSigner.cs	151	greater-to-ge	BUILD-FAILED	not a viable mutant
DNS/DNSSEC/DNSSECZoneSigner.cs	153	greater-to-ge	BUILD-FAILED	not a viable mutant
DNS/DNSSEC/DNSSECZoneSigner.cs	161	equality-to-inequality	KILLED	15 of 260 failed
DNS/DNSSEC/DNSSECZoneSigner.cs	172	equality-to-inequality	KILLED	4 of 260 failed
DNS/DNSSEC/DNSSECZoneSigner.cs	173	equality-to-inequality	SURVIVED	0 of 260 failed
DNS/DNSSEC/DNSSECZoneSigner.cs	189	logical-and-to-or	KILLED	8 of 260 failed
DNS/DNSSEC/DNSSECZoneSigner.cs	189	equality-to-inequality	KILLED	4 of 260 failed
DNS/DNSSEC/DNSSECZoneSigner.cs	195	logical-and-to-or	KILLED	2 of 260 failed
DNS/DNSSEC/DNSSECZoneSigner.cs	204	false-to-true	SURVIVED	0 of 260 failed
DNS/DNSSEC/DNSSECZoneSigner.cs	207	logical-or-to-and	SURVIVED	0 of 260 failed
DNS/DNSSEC/DNSSECZoneSigner.cs	207	equality-to-inequality	SURVIVED	0 of 260 failed
DNS/DNSSEC/DNSSECZoneSigner.cs	208	equality-to-inequality	SURVIVED	0 of 260 failed
DNS/DNSSEC/DNSSECZoneSigner.cs	210	true-to-false	KILLED	7 of 260 failed
DNS/DNSSEC/DNSSECZoneSigner.cs	238	equality-to-inequality	SURVIVED	0 of 260 failed
DNS/DNSSEC/DNSSECZoneSigner.cs	262	greater-to-ge	BUILD-FAILED	not a viable mutant
DNS/DNSSEC/DNSSECZoneSigner.cs	265	greater-to-ge	BUILD-FAILED	not a viable mutant
DNS/DNSSEC/DNSSECZoneSigner.cs	266	greater-to-ge	BUILD-FAILED	not a viable mutant
DNS/DNSSEC/DNSSECZoneSigner.cs	278	less-to-less-or-equal	KILLED	11 of 260 failed
DNS/DNSSEC/DNSSECZoneSigner.cs	321	greater-to-ge	BUILD-FAILED	not a viable mutant
DNS/DNSSEC/DNSSECZoneSigner.cs	325	greater-to-ge	BUILD-FAILED	not a viable mutant
DNS/DNSSEC/DNSSECZoneSigner.cs	326	greater-to-ge	BUILD-FAILED	not a viable mutant
DNS/DNSSEC/DNSSECZoneSigner.cs	327	greater-to-ge	BUILD-FAILED	not a viable mutant
DNS/DNSSEC/DNSSECZoneSigner.cs	376	true-to-false	KILLED	1 of 260 failed
DNS/DNSSEC/DNSSECZoneSigner.cs	381	logical-or-to-and	SURVIVED	0 of 260 failed
DNS/DNSSEC/DNSSECZoneSigner.cs	381	less-to-less-or-equal	SURVIVED	0 of 260 failed
DNS/DNSSEC/DNSSECZoneSigner.cs	381	ge-to-greater	SURVIVED	0 of 260 failed
DNS/DNSSEC/DNSSECZoneSigner.cs	408	logical-and-to-or	KILLED	1 of 260 failed
DNS/DNSSEC/DNSSECZoneSigner.cs	408	equality-to-inequality	KILLED	1 of 260 failed
DNS/DNSSEC/DNSSECZoneSigner.cs	426	less-to-less-or-equal	KILLED	4 of 260 failed
DNS/DNSSEC/DNSSECZoneSigner.cs	446	logical-and-to-or	KILLED	1 of 260 failed
DNS/DNSSEC/DNSSECZoneSigner.cs	474	greater-to-ge	BUILD-FAILED	not a viable mutant
DNS/DNSSEC/DNSSECZoneSigner.cs	477	equality-to-inequality	KILLED	15 of 260 failed
DNS/DNSSEC/CDSAcceptance.cs	105	greater-to-ge	BUILD-FAILED	not a viable mutant
DNS/DNSSEC/CDSAcceptance.cs	106	greater-to-ge	BUILD-FAILED	not a viable mutant
DNS/DNSSEC/CDSAcceptance.cs	107	greater-to-ge	BUILD-FAILED	not a viable mutant
DNS/DNSSEC/CDSAcceptance.cs	108	greater-to-ge	BUILD-FAILED	not a viable mutant
DNS/DNSSEC/CDSAcceptance.cs	115	equality-to-inequality	KILLED	7 of 260 failed
DNS/DNSSEC/CDSAcceptance.cs	134	logical-and-to-or	KILLED	3 of 260 failed
DNS/DNSSEC/CDSAcceptance.cs	134	inequality-to-equality	KILLED	4 of 260 failed
DNS/DNSSEC/CDSAcceptance.cs	134	greater-to-ge	SURVIVED	0 of 260 failed
DNS/DNSSEC/CDSAcceptance.cs	148	equality-to-inequality	KILLED	3 of 260 failed
DNS/DNSSEC/CDSAcceptance.cs	174	greater-to-ge	BUILD-FAILED	not a viable mutant
DNS/DNSSEC/CDSAcceptance.cs	179	equality-to-inequality	KILLED	3 of 260 failed
DNS/DNSSEC/CDSAcceptance.cs	183	logical-and-to-or	KILLED	1 of 260 failed
DNS/DNSSEC/CDSAcceptance.cs	183	equality-to-inequality	KILLED	3 of 260 failed
DNS/DNSSEC/CDSAcceptance.cs	184	equality-to-inequality	KILLED	4 of 260 failed
DNS/DNSSEC/CDSAcceptance.cs	195	true-to-false	KILLED	3 of 260 failed
DNS/DNSSEC/CDSAcceptance.cs	199	false-to-true	KILLED	2 of 260 failed
DNS/DNSSEC/DNSSECCanonical.cs	62	greater-to-ge	BUILD-FAILED	not a viable mutant
DNS/DNSSEC/DNSSECCanonical.cs	140	logical-and-to-or	SURVIVED	0 of 260 failed
DNS/DNSSEC/DNSSECCanonical.cs	140	equality-to-inequality	SURVIVED	0 of 260 failed
DNS/DNSSEC/DNSSECCanonical.cs	140	equality-to-inequality	SURVIVED	0 of 260 failed
DNS/DNSSEC/DNSSECCanonical.cs	147	ge-to-greater	KILLED	18 of 260 failed
DNS/DNSSEC/DNSSECCanonical.cs	151	equality-to-inequality	KILLED	2 of 260 failed
DNS/DNSSEC/DNSSECCanonical.cs	173	equality-to-inequality	KILLED	3 of 260 failed
DNS/DNSSEC/DNSSECCanonical.cs	179	equality-to-inequality	KILLED	4 of 260 failed
DNS/DNSSEC/DNSSECCanonical.cs	200	less-to-less-or-equal	SURVIVED	0 of 260 failed
DNS/DNSSEC/DNSSECCanonical.cs	202	less-to-less-or-equal	KILLED	1 of 260 failed
DNS/DNSSEC/DNSSECCanonical.cs	203	greater-to-ge	KILLED	2 of 260 failed
DNS/DNSSEC/DNSSECSigning.cs	146	equality-to-inequality	KILLED	4 of 260 failed
DNS/DNSSEC/DNSSECSigning.cs	160	equality-to-inequality	KILLED	2 of 260 failed
DNS/DNSSEC/DNSSECSigning.cs	215	inequality-to-equality	KILLED	11 of 260 failed
DNS/DNSSEC/DNSSECSigning.cs	218	equality-to-inequality	KILLED	10 of 260 failed
DNS/DNSSEC/DNSSECSigning.cs	223	true-to-false	KILLED	10 of 260 failed
DNS/DNSSEC/DNSSECSigning.cs	224	equality-to-inequality	KILLED	10 of 260 failed
DNS/DNSSEC/DNSSECSigning.cs	254	inequality-to-equality	KILLED	8 of 260 failed
DNS/DNSSEC/DNSSECSigning.cs	257	equality-to-inequality	KILLED	8 of 260 failed
DNS/DNSSEC/DNSSECSigning.cs	289	false-to-true	SURVIVED	0 of 260 failed
DNS/DNSSEC/DNSSECSigning.cs	300	le-to-less	SURVIVED	0 of 260 failed
DNS/DNSSEC/DNSSECSigning.cs	323	false-to-true	SURVIVED	0 of 260 failed
DNS/DNSSEC/DNSSECSigningKey.cs	64	inequality-to-equality	SURVIVED	0 of 260 failed
DNS/DNSSEC/DNSSECSigningKey.cs	84	false-to-true	SURVIVED	0 of 260 failed
DNS/DNSSEC/DNSSECSigningKey.cs	96	false-to-true	SURVIVED	0 of 260 failed
