DNS/DNSSEC/CDSAcceptance.cs	134	greater-to-ge	SURVIVED-EVERYWHERE	
DNS/DNSSEC/DNSSECCanonical.cs	140	logical-and-to-or	SURVIVED-EVERYWHERE	
DNS/DNSSEC/DNSSECSigning.cs	289	false-to-true	SURVIVED-EVERYWHERE	
DNS/DNSSEC/DNSSECSigningKey.cs	64	inequality-to-equality	SURVIVED-EVERYWHERE	
DNS/DNSSEC/DNSSECValidator.cs	195	false-to-true	SURVIVED-EVERYWHERE	
DNS/DNSSEC/DNSSECZoneSigner.cs	34	false-to-true	SURVIVED-EVERYWHERE	
DNS/DNSSEC/DenialOfExistence.cs	97	greater-to-ge	SURVIVED-EVERYWHERE	
DNS/DNSSEC/DNSSECCanonical.cs	140	equality-to-inequality	SETUP-ERROR	2 mutations of that operator on the line
DNS/DNSSEC/DNSSECSigning.cs	300	le-to-less	SURVIVED-EVERYWHERE	
DNS/DNSSEC/DNSSECSigningKey.cs	84	false-to-true	SURVIVED-EVERYWHERE	
DNS/DNSSEC/DNSSECValidator.cs	233	logical-and-to-or	SURVIVED-EVERYWHERE	
DNS/DNSSEC/DNSSECZoneSigner.cs	173	equality-to-inequality	SURVIVED-EVERYWHERE	
DNS/DNSSEC/DenialOfExistence.cs	118	logical-and-to-or	SURVIVED-EVERYWHERE	
DNS/DNSSEC/DNSSECCanonical.cs	140	equality-to-inequality	SETUP-ERROR	2 mutations of that operator on the line
DNS/DNSSEC/DNSSECSigning.cs	323	false-to-true	SURVIVED-EVERYWHERE	
DNS/DNSSEC/DNSSECSigningKey.cs	96	false-to-true	SURVIVED-EVERYWHERE	
DNS/DNSSEC/DNSSECValidator.cs	233	equality-to-inequality	SETUP-ERROR	2 mutations of that operator on the line
DNS/DNSSEC/DNSSECZoneSigner.cs	204	false-to-true	SURVIVED-EVERYWHERE	
DNS/DNSSEC/DenialOfExistence.cs	119	logical-and-to-or	SURVIVED-EVERYWHERE	
DNS/DNSSEC/DNSSECCanonical.cs	200	less-to-less-or-equal	SURVIVED-EVERYWHERE	
DNS/DNSSEC/DNSSECValidator.cs	237	greater-to-ge	SURVIVED-EVERYWHERE	
DNS/DNSSEC/DNSSECZoneSigner.cs	207	logical-or-to-and	SURVIVED-EVERYWHERE	
DNS/DNSSEC/DenialOfExistence.cs	212	le-to-less	SURVIVED-EVERYWHERE	
DNS/DNSSEC/DNSSECValidator.cs	238	true-to-false	SURVIVED-EVERYWHERE	
DNS/DNSSEC/DNSSECZoneSigner.cs	207	equality-to-inequality	SURVIVED-EVERYWHERE	
DNS/DNSSEC/DenialOfExistence.cs	218	equality-to-inequality	SURVIVED-EVERYWHERE	
DNS/DNSSEC/DNSSECValidator.cs	259	logical-and-to-or	SURVIVED-EVERYWHERE	
DNS/DNSSEC/DNSSECZoneSigner.cs	208	equality-to-inequality	SURVIVED-EVERYWHERE	
DNS/DNSSEC/DenialOfExistence.cs	278	greater-to-ge	SURVIVED-EVERYWHERE	
DNS/DNSSEC/DNSSECValidator.cs	259	equality-to-inequality	SURVIVED-EVERYWHERE	
DNS/DNSSEC/DNSSECZoneSigner.cs	238	equality-to-inequality	SURVIVED-EVERYWHERE	
DNS/DNSSEC/DenialOfExistence.cs	279	less-to-less-or-equal	SURVIVED-EVERYWHERE	
DNS/DNSSEC/DNSSECValidator.cs	260	equality-to-inequality	SURVIVED-EVERYWHERE	
DNS/DNSSEC/DNSSECZoneSigner.cs	381	logical-or-to-and	SURVIVED-EVERYWHERE	
DNS/DNSSEC/DenialOfExistence.cs	284	ge-to-greater	SURVIVED-EVERYWHERE	
DNS/DNSSEC/DNSSECValidator.cs	293	ge-to-greater	SURVIVED-EVERYWHERE	
DNS/DNSSEC/DNSSECZoneSigner.cs	381	less-to-less-or-equal	SURVIVED-EVERYWHERE	
DNS/DNSSEC/DenialOfExistence.cs	286	logical-or-to-and	SURVIVED-EVERYWHERE	
DNS/DNSSEC/DNSSECValidator.cs	297	true-to-false	SURVIVED-EVERYWHERE	
DNS/DNSSEC/DNSSECZoneSigner.cs	381	ge-to-greater	SURVIVED-EVERYWHERE	
DNS/DNSSEC/DenialOfExistence.cs	287	logical-and-to-or	SURVIVED-EVERYWHERE	
DNS/DNSSEC/DNSSECValidator.cs	326	false-to-true	SURVIVED-EVERYWHERE	
DNS/DNSSEC/DenialOfExistence.cs	308	logical-or-to-and	SURVIVED-EVERYWHERE	
DNS/DNSSEC/DNSSECValidator.cs	357	logical-and-to-or	SURVIVED-EVERYWHERE	
DNS/DNSSEC/DenialOfExistence.cs	332	less-to-less-or-equal	SURVIVED-EVERYWHERE	
DNS/DNSSEC/DNSSECValidator.cs	357	equality-to-inequality	SETUP-ERROR	2 mutations of that operator on the line
DNS/DNSSEC/DenialOfExistence.cs	334	less-to-less-or-equal	SURVIVED-EVERYWHERE	
DNS/DNSSEC/DNSSECValidator.cs	357	equality-to-inequality	SETUP-ERROR	2 mutations of that operator on the line
DNS/DNSSEC/DenialOfExistence.cs	353	greater-to-ge	SURVIVED-EVERYWHERE	
DNS/DNSSEC/DNSSECValidator.cs	357	greater-to-ge	SURVIVED-EVERYWHERE	
DNS/DNSSEC/DenialOfExistence.cs	354	less-to-less-or-equal	SURVIVED-EVERYWHERE	
DNS/DNSSEC/DNSSECValidator.cs	378	false-to-true	SURVIVED-EVERYWHERE	
DNS/DNSSEC/DenialOfExistence.cs	357	ge-to-greater	SURVIVED-EVERYWHERE	
DNS/DNSSEC/DNSSECValidator.cs	407	logical-and-to-or	SURVIVED-EVERYWHERE	
DNS/DNSSEC/DenialOfExistence.cs	358	logical-or-to-and	SURVIVED-EVERYWHERE	
DNS/DNSSEC/DNSSECValidator.cs	414	false-to-true	SURVIVED-EVERYWHERE	
DNS/DNSSEC/DenialOfExistence.cs	359	logical-and-to-or	SURVIVED-EVERYWHERE	
DNS/DNSSEC/DNSSECValidator.cs	442	logical-and-to-or	SURVIVED-EVERYWHERE	
DNS/DNSSEC/DenialOfExistence.cs	401	less-to-less-or-equal	SURVIVED-EVERYWHERE	
DNS/DNSSEC/DNSSECValidator.cs	452	logical-or-to-and	SURVIVED-EVERYWHERE	
DNS/DNSSEC/DNSSECValidator.cs	452	less-to-less-or-equal	SURVIVED-EVERYWHERE	
DNS/DNSSEC/DNSSECValidator.cs	452	greater-to-ge	SURVIVED-EVERYWHERE	
DNS/DNSSEC/DNSSECValidator.cs	460	false-to-true	SURVIVED-EVERYWHERE	
DNS/DNSSEC/DNSSECValidator.cs	469	logical-and-to-or	SURVIVED-EVERYWHERE	
DNS/DNSSEC/DNSSECValidator.cs	487	false-to-true	SURVIVED-EVERYWHERE	
DNS/DNSSEC/DNSSECValidator.cs	523	logical-or-to-and	SURVIVED-EVERYWHERE	
DNS/DNSSEC/DNSSECValidator.cs	523	equality-to-inequality	SURVIVED-EVERYWHERE	
DNS/DNSSEC/DNSSECValidator.cs	577	logical-or-to-and	SURVIVED-EVERYWHERE	
DNS/DNSSEC/DNSSECValidator.cs	577	less-to-less-or-equal	SURVIVED-EVERYWHERE	
DNS/DNSSEC/DNSSECValidator.cs	577	greater-to-ge	SURVIVED-EVERYWHERE	
DNS/DNSSEC/DNSSECValidator.cs	584	false-to-true	SURVIVED-EVERYWHERE	
DNS/DNSSEC/DNSSECValidator.cs	590	logical-and-to-or	SURVIVED-EVERYWHERE	
DNS/DNSSEC/DNSSECValidator.cs	597	inequality-to-equality	SURVIVED-EVERYWHERE	
DNS/DNSSEC/DNSSECValidator.cs	605	false-to-true	SURVIVED-EVERYWHERE	
DNS/DNSSEC/DNSSECValidator.cs	607	inequality-to-equality	SURVIVED-EVERYWHERE	
DNS/DNSSEC/DNSSECValidator.cs	863	less-to-less-or-equal	SURVIVED-EVERYWHERE	
DNS/DNSSEC/DNSSECValidator.cs	871	logical-and-to-or	SURVIVED-EVERYWHERE	
DNS/DNSSEC/DNSSECValidator.cs	871	equality-to-inequality	SURVIVED-EVERYWHERE	
DNS/DNSSEC/DNSSECValidator.cs	872	equality-to-inequality	SURVIVED-EVERYWHERE	
DNS/DNSSEC/DNSSECValidator.cs	896	logical-and-to-or	SURVIVED-EVERYWHERE	
DNS/DNSSEC/DNSSECValidator.cs	914	false-to-true	SURVIVED-EVERYWHERE	
DNS/DNSSEC/DNSSECValidator.cs	948	false-to-true	SURVIVED-EVERYWHERE	
DNS/DNSSEC/DNSSECValidator.cs	960	equality-to-inequality	SURVIVED-EVERYWHERE	
DNS/DNSSEC/DNSSECValidator.cs	963	equality-to-inequality	SURVIVED-EVERYWHERE	
DNS/DNSSEC/DNSSECValidator.cs	971	logical-and-to-or	SURVIVED-EVERYWHERE	
DNS/DNSSEC/DNSSECValidator.cs	971	equality-to-inequality	SURVIVED-EVERYWHERE	
DNS/DNSSEC/DNSSECValidator.cs	972	equality-to-inequality	SURVIVED-EVERYWHERE	
DNS/DNSSEC/DNSSECValidator.cs	1042	false-to-true	SURVIVED-EVERYWHERE	
DNS/DNSSEC/DNSSECValidator.cs	1254	logical-or-to-and	SURVIVED-EVERYWHERE	
DNS/DNSSEC/DNSSECValidator.cs	1259	less-to-less-or-equal	SURVIVED-EVERYWHERE	
