DNS/TSIG/SIG0Signer.cs	141	greater-to-ge	BUILD-FAILED	not a viable mutant
DNS/TSIG/SIG0Signer.cs	148	less-to-less-or-equal	SURVIVED	0 of 156 failed
DNS/TSIG/SIG0Signer.cs	236	greater-to-ge	BUILD-FAILED	not a viable mutant
DNS/TSIG/SIG0Signer.cs	241	logical-or-to-and	SURVIVED	0 of 156 failed
DNS/TSIG/SIG0Signer.cs	250	equality-to-inequality	SURVIVED	0 of 156 failed
DNS/TSIG/SIG0Signer.cs	283	logical-and-to-or	SURVIVED	0 of 156 failed
DNS/TSIG/SIG0Signer.cs	284	logical-and-to-or	KILLED	16 of 156 failed
DNS/TSIG/SIG0Signer.cs	306	logical-and-to-or	SURVIVED	0 of 156 failed
DNS/TSIG/SIG0Signer.cs	309	logical-and-to-or	SURVIVED	0 of 156 failed
DNS/TSIG/SIG0Signer.cs	312	false-to-true	KILLED	31 of 156 failed
DNS/TSIG/SIG0Signer.cs	335	logical-or-to-and	SURVIVED	0 of 156 failed
DNS/TSIG/SIG0Signer.cs	336	logical-or-to-and	SURVIVED	0 of 156 failed
DNS/TSIG/SIG0Signer.cs	351	inequality-to-equality	KILLED	2 of 156 failed
DNS/TSIG/SIG0Signer.cs	358	inequality-to-equality	KILLED	2 of 156 failed
DNS/TSIG/SIG0Signer.cs	398	logical-or-to-and	SURVIVED	0 of 156 failed
DNS/TSIG/SIG0Signer.cs	398	less-to-less-or-equal	SURVIVED	0 of 156 failed
DNS/TSIG/SIG0Signer.cs	398	greater-to-ge	SURVIVED	0 of 156 failed
DNS/TSIG/SIG0Signer.cs	433	less-to-less-or-equal	SURVIVED	0 of 156 failed
DNS/TSIG/SIG0Signer.cs	434	false-to-true	SURVIVED	0 of 156 failed
DNS/TSIG/SIG0Signer.cs	438	equality-to-inequality	KILLED	2 of 156 failed
DNS/TSIG/SIG0Signer.cs	439	false-to-true	SURVIVED	0 of 156 failed
DNS/TSIG/SIG0Signer.cs	446	less-to-less-or-equal	SURVIVED	0 of 156 failed
DNS/TSIG/SIG0Signer.cs	447	false-to-true	SURVIVED	0 of 156 failed
DNS/TSIG/SIG0Signer.cs	455	inequality-to-equality	KILLED	2 of 156 failed
DNS/TSIG/SIG0Signer.cs	456	false-to-true	SURVIVED	0 of 156 failed
DNS/TSIG/SIG0Signer.cs	459	equality-to-inequality	SURVIVED	0 of 156 failed
DNS/TSIG/SIG0Signer.cs	470	true-to-false	KILLED	2 of 156 failed
DNS/TSIG/SIG0Signer.cs	475	false-to-true	SURVIVED	0 of 156 failed
DNS/TSIG/SIG0Signer.cs	527	logical-and-to-or	KILLED	2 of 156 failed
DNS/TSIG/SIG0Signer.cs	527	greater-to-ge	SURVIVED	0 of 156 failed
DNS/TSIG/TSIGSigner.cs	103	less-to-less-or-equal	SURVIVED	0 of 156 failed
DNS/TSIG/TSIGSigner.cs	148	logical-or-to-and	SURVIVED	0 of 156 failed
DNS/TSIG/TSIGSigner.cs	149	logical-or-to-and	SURVIVED	0 of 156 failed
DNS/TSIG/TSIGSigner.cs	153	equality-to-inequality	KILLED	7 of 156 failed
DNS/TSIG/TSIGSigner.cs	153	false-to-true	KILLED	7 of 156 failed
DNS/TSIG/TSIGSigner.cs	156	inequality-to-equality	KILLED	7 of 156 failed
DNS/TSIG/TSIGSigner.cs	177	greater-to-ge	SURVIVED	0 of 156 failed
DNS/TSIG/TSIGSigner.cs	181	greater-to-ge	SURVIVED	0 of 156 failed
DNS/TSIG/TSIGSigner.cs	207	greater-to-ge	BUILD-FAILED	not a viable mutant
DNS/TSIG/TSIGSigner.cs	212	logical-or-to-and	SURVIVED	0 of 156 failed
DNS/TSIG/TSIGSigner.cs	249	less-to-less-or-equal	SURVIVED	0 of 156 failed
DNS/TSIG/TSIGSigner.cs	255	logical-or-to-and	SURVIVED	0 of 156 failed
DNS/TSIG/TSIGSigner.cs	256	logical-or-to-and	SURVIVED	0 of 156 failed
DNS/TSIG/TSIGSigner.cs	337	logical-and-to-or	KILLED	8 of 156 failed
DNS/TSIG/TSIGSigner.cs	337	greater-to-ge	SURVIVED	0 of 156 failed
DNS/TSIG/TSIGSigner.cs	395	less-to-less-or-equal	SURVIVED	0 of 156 failed
DNS/TSIG/TSIGSigner.cs	396	false-to-true	SURVIVED	0 of 156 failed
DNS/TSIG/TSIGSigner.cs	400	equality-to-inequality	KILLED	7 of 156 failed
DNS/TSIG/TSIGSigner.cs	401	false-to-true	SURVIVED	0 of 156 failed
DNS/TSIG/TSIGSigner.cs	411	less-to-less-or-equal	SURVIVED	0 of 156 failed
DNS/TSIG/TSIGSigner.cs	412	false-to-true	SURVIVED	0 of 156 failed
DNS/TSIG/TSIGSigner.cs	420	inequality-to-equality	KILLED	7 of 156 failed
DNS/TSIG/TSIGSigner.cs	421	false-to-true	SURVIVED	0 of 156 failed
DNS/TSIG/TSIGSigner.cs	434	true-to-false	KILLED	7 of 156 failed
DNS/TSIG/TSIGSigner.cs	439	false-to-true	SURVIVED	0 of 156 failed
DNS/TSIG/TKEYExchange.cs	198	false-to-true	SURVIVED	0 of 156 failed
DNS/TSIG/TKEYExchange.cs	204	false-to-true	SURVIVED	0 of 156 failed
DNS/TSIG/TKEYExchange.cs	206	logical-or-to-and	BUILD-FAILED	not a viable mutant
DNS/TSIG/TKEYExchange.cs	208	false-to-true	SURVIVED	0 of 156 failed
DNS/TSIG/TKEYExchange.cs	210	inequality-to-equality	SURVIVED	0 of 156 failed
DNS/TSIG/TKEYExchange.cs	211	false-to-true	SURVIVED	0 of 156 failed
DNS/TSIG/TKEYExchange.cs	217	true-to-false	SURVIVED	0 of 156 failed
DNS/TSIG/TKEYExchange.cs	263	less-to-less-or-equal	SURVIVED	0 of 156 failed
DNS/TSIG/TKEYExchange.cs	264	less-to-less-or-equal	KILLED	1 of 156 failed
DNS/TSIG/TKEYExchange.cs	265	less-to-less-or-equal	SURVIVED	0 of 156 failed
DNS/TSIG/TKEYExchange.cs	290	greater-to-ge	SURVIVED	0 of 156 failed
DNS/TSIG/TKEYExchange.cs	291	false-to-true	SURVIVED	0 of 156 failed
DNS/TSIG/TKEYExchange.cs	296	greater-to-ge	SURVIVED	0 of 156 failed
DNS/TSIG/TKEYExchange.cs	297	false-to-true	SURVIVED	0 of 156 failed
DNS/TSIG/TKEYExchange.cs	302	true-to-false	SURVIVED	0 of 156 failed
DNS/TSIG/TSIGAlgorithms.cs	84	logical-or-to-and	KILLED	7 of 156 failed
DNS/TSIG/TSIGAlgorithms.cs	84	equality-to-inequality	SURVIVED	0 of 156 failed
DNS/TSIG/TSIGAlgorithms.cs	85	logical-or-to-and	KILLED	7 of 156 failed
DNS/TSIG/TSIGAlgorithms.cs	85	equality-to-inequality	KILLED	7 of 156 failed
DNS/TSIG/TSIGAlgorithms.cs	86	logical-or-to-and	SURVIVED	0 of 156 failed
DNS/TSIG/TSIGAlgorithms.cs	86	equality-to-inequality	SURVIVED	0 of 156 failed
DNS/TSIG/TSIGAlgorithms.cs	87	equality-to-inequality	SURVIVED	0 of 156 failed
DNS/TSIG/TSIGAlgorithms.cs	104	equality-to-inequality	KILLED	8 of 156 failed
DNS/TSIG/TSIGAlgorithms.cs	105	equality-to-inequality	SURVIVED	0 of 156 failed
DNS/TSIG/TSIGAlgorithms.cs	106	equality-to-inequality	SURVIVED	0 of 156 failed
DNS/TSIG/TSIGAlgorithms.cs	107	equality-to-inequality	SURVIVED	0 of 156 failed
DNS/TSIG/DNSTransactionSecurity.cs	67	greater-to-ge	BUILD-FAILED	not a viable mutant
DNS/TSIG/DNSTransactionSecurity.cs	73	logical-or-to-and	SURVIVED	0 of 156 failed
DNS/TSIG/DNSTransactionSecurity.cs	73	logical-or-to-and	SURVIVED	0 of 156 failed
DNS/TSIG/DNSTransactionSecurity.cs	162	false-to-true	KILLED	1 of 156 failed
DNS/TSIG/DNSTransactionSecurity.cs	165	logical-and-to-or	SURVIVED	0 of 156 failed
DNS/TSIG/DNSTransactionSecurity.cs	168	true-to-false	KILLED	3 of 156 failed
DNS/TSIG/DNSTransactionSecurity.cs	187	false-to-true	SURVIVED	0 of 156 failed
DNS/TSIG/DNSTransactionSecurity.cs	192	logical-and-to-or	SURVIVED	0 of 156 failed
DNS/TSIG/DNSTransactionSecurity.cs	197	true-to-false	KILLED	14 of 156 failed
DNS/TSIG/SIG0VerificationResult.cs	83	true-to-false	KILLED	2 of 156 failed
DNS/TSIG/SIG0VerificationResult.cs	93	false-to-true	SURVIVED	0 of 156 failed
DNS/TSIG/TSIGVerificationResult.cs	89	true-to-false	KILLED	7 of 156 failed
DNS/TSIG/TSIGVerificationResult.cs	105	false-to-true	KILLED	1 of 156 failed
